<?xml version="1.0" encoding="UTF-8" standalone="no"?>
<project>
	<configuration id="com.nxp.s32ds.cle.arm.mbs.arm32.bare.gnu.9.2.exe.debug.1553164019" name="FULL_MEM_TO_AB_SWAP">
		<extension point="org.eclipse.cdt.core.LanguageSettingsProvider">
			<provider copy-of="extension" id="org.eclipse.cdt.ui.UserLanguageSettingsProvider"/>
			<provider-reference id="org.eclipse.cdt.core.ReferencedProjectsLanguageSettingsProvider" ref="shared-provider"/>
			<provider-reference id="org.eclipse.cdt.managedbuilder.core.MBSLanguageSettingsProvider" ref="shared-provider"/>
			<provider class="com.freescale.s32ds.cross.gnu.CrossGCCBuiltinSpecsDetector" console="false" env-hash="-12381972329646026" id="com.freescale.s32ds.cross.gnu.CrossGCCBuiltinSpecsDetector" keep-relative-paths="false" name="CDT S32DS Built-in Compiler Settings" parameter="${COMMAND} ${FLAGS} -E -P -v -dD &quot;${INPUTS}&quot;" prefer-non-shared="true">
				<language-scope id="org.eclipse.cdt.core.gcc"/>
				<language-scope id="org.eclipse.cdt.core.g++"/>
			</provider>
		</extension>
	</configuration>
	<configuration id="com.nxp.s32ds.cle.arm.mbs.arm32.bare.gnu.9.2.exe.debug.1553164019.1987280714" name="AB_SWAP_TO_AB_SWAP">
		<extension point="org.eclipse.cdt.core.LanguageSettingsProvider">
			<provider copy-of="extension" id="org.eclipse.cdt.ui.UserLanguageSettingsProvider"/>
			<provider-reference id="org.eclipse.cdt.core.ReferencedProjectsLanguageSettingsProvider" ref="shared-provider"/>
			<provider-reference id="org.eclipse.cdt.managedbuilder.core.MBSLanguageSettingsProvider" ref="shared-provider"/>
			<provider class="com.freescale.s32ds.cross.gnu.CrossGCCBuiltinSpecsDetector" console="false" env-hash="-12381972329646026" id="com.freescale.s32ds.cross.gnu.CrossGCCBuiltinSpecsDetector" keep-relative-paths="false" name="CDT S32DS Built-in Compiler Settings" parameter="${COMMAND} ${FLAGS} -E -P -v -dD &quot;${INPUTS}&quot;" prefer-non-shared="true">
				<language-scope id="org.eclipse.cdt.core.gcc"/>
				<language-scope id="org.eclipse.cdt.core.g++"/>
			</provider>
		</extension>
	</configuration>
	<configuration id="com.nxp.s32ds.cle.arm.mbs.arm32.bare.gnu.9.2.exe.debug.1553164019.235874405" name="FULL_MEM_TO_FULL_MEM">
		<extension point="org.eclipse.cdt.core.LanguageSettingsProvider">
			<provider copy-of="extension" id="org.eclipse.cdt.ui.UserLanguageSettingsProvider"/>
			<provider-reference id="org.eclipse.cdt.core.ReferencedProjectsLanguageSettingsProvider" ref="shared-provider"/>
			<provider-reference id="org.eclipse.cdt.managedbuilder.core.MBSLanguageSettingsProvider" ref="shared-provider"/>
			<provider class="com.freescale.s32ds.cross.gnu.CrossGCCBuiltinSpecsDetector" console="false" env-hash="-12381972329646026" id="com.freescale.s32ds.cross.gnu.CrossGCCBuiltinSpecsDetector" keep-relative-paths="false" name="CDT S32DS Built-in Compiler Settings" parameter="${COMMAND} ${FLAGS} -E -P -v -dD &quot;${INPUTS}&quot;" prefer-non-shared="true">
				<language-scope id="org.eclipse.cdt.core.gcc"/>
				<language-scope id="org.eclipse.cdt.core.g++"/>
			</provider>
		</extension>
	</configuration>
</project>